ITS5_bc018	AACGTCACTGGAAGTAAAAGTCGTAACAAGG
ITS5_bc060	ACACTCTAGGGAAGTAAAAGTCGTAACAAGG
ITS5_bc061	ACAGATGAGGGAAGTAAAAGTCGTAACAAGG
ITS5_bc062	ACAGTCCTTGGAAGTAAAAGTCGTAACAAGG
ITS5_bc095	ACTCCACATGGAAGTAAAAGTCGTAACAAGG
ITS5_bc139	AGTCGCTATGGAAGTAAAAGTCGTAACAAGG
ITS5_bc148	ATACCGTCGGGAAGTAAAAGTCGTAACAAGG
ITS5_bc157	ATCGCAGAGGGAAGTAAAAGTCGTAACAAGG
ITS5_bc168	ATGTGCAAGGGAAGTAAAAGTCGTAACAAGG
ITS5_bc183	CAAGTCTGGGGAAGTAAAAGTCGTAACAAGG
ITS5_bc192	CACCGATTGGGAAGTAAAAGTCGTAACAAGG
ITS5_bc205	CAGGTAGAGGGAAGTAAAAGTCGTAACAAGG
ITS5_bc219	CATTATCCGGGAAGTAAAAGTCGTAACAAGG
ITS5_bc220	CATTCCAAGGGAAGTAAAAGTCGTAACAAGG
ITS5_bc258	CCTTGCCATGGAAGTAAAAGTCGTAACAAGG
ITS5_bc264	CGAGATGCTGGAAGTAAAAGTCGTAACAAGG
ITS5_bc272	CGCCATCTTGGAAGTAAAAGTCGTAACAAGG
ITS5_bc277	CGCTTCGTTGGAAGTAAAAGTCGTAACAAGG
ITS5_bc282	CGGTACTAGGGAAGTAAAAGTCGTAACAAGG
ITS5_bc286	CGTCATAAGGGAAGTAAAAGTCGTAACAAGG
ITS5_bc298	CTACTGGTGGGAAGTAAAAGTCGTAACAAGG
ITS5_bc314	CTCTTATCGGGAAGTAAAAGTCGTAACAAGG
ITS5_bc321	CTGTCCGATGGAAGTAAAAGTCGTAACAAGG
ITS5_bc324	CTTAGAGAGGGAAGTAAAAGTCGTAACAAGG
ITS5_bc327	CTTGACGTTGGAAGTAAAAGTCGTAACAAGG
ITS5_bc357	GATACTTCGGGAAGTAAAAGTCGTAACAAGG
ITS5_bc361	GATGGTAAGGGAAGTAAAAGTCGTAACAAGG
ITS5_bc362	GATGTACTGGGAAGTAAAAGTCGTAACAAGG
ITS5_bc368	GCACGTAATGGAAGTAAAAGTCGTAACAAGG
ITS5_bc370	GCAGAGGTTGGAAGTAAAAGTCGTAACAAGG
ITS5_bc377	GCCTCATATGGAAGTAAAAGTCGTAACAAGG
ITS5_bc406	GGATTCATGGGAAGTAAAAGTCGTAACAAGG
ITS5_bc411	GGTCTATGGGGAAGTAAAAGTCGTAACAAGG
ITS5_bc418	GTAAGCCTGGGAAGTAAAAGTCGTAACAAGG
ITS5_bc449	GTTCGTCCTGGAAGTAAAAGTCGTAACAAGG
ITS5_bc462	TACGCATGGGGAAGTAAAAGTCGTAACAAGG
ITS5_bc485	TCCACAATGGGAAGTAAAAGTCGTAACAAGG
ITS5_bc486	TCCAGGTCTGGAAGTAAAAGTCGTAACAAGG
ITS5_bc494	TCGAGTGATGGAAGTAAAAGTCGTAACAAGG
ITS5_bc538	TTAAGGTGGGGAAGTAAAAGTCGTAACAAGG
ITS4_bc019	AACTCCGTATCCTCCGCTTATTGATATGC
ITS4_bc062	ACAGTCCTTTCCTCCGCTTATTGATATGC
ITS4_bc065	ACATTGCCGTCCTCCGCTTATTGATATGC
ITS4_bc082	ACGCAATCCTCCTCCGCTTATTGATATGC
ITS4_bc120	AGCCGTAGATCCTCCGCTTATTGATATGC
ITS4_bc139	AGTCGCTATTCCTCCGCTTATTGATATGC
ITS4_bc145	AGTTCTAGGTCCTCCGCTTATTGATATGC
ITS4_bc150	ATAGGAAGGTCCTCCGCTTATTGATATGC
ITS4_bc183	CAAGTCTGGTCCTCCGCTTATTGATATGC
ITS4_bc218	CATGTTGCCTCCTCCGCTTATTGATATGC
ITS4_bc219	CATTATCCGTCCTCCGCTTATTGATATGC
ITS4_bc245	CCGTTCAGATCCTCCGCTTATTGATATGC
ITS4_bc247	CCTAAGACATCCTCCGCTTATTGATATGC
ITS4_bc286	CGTCATAAGTCCTCCGCTTATTGATATGC
ITS4_bc298	CTACTGGTGTCCTCCGCTTATTGATATGC
ITS4_bc310	CTCGCAATATCCTCCGCTTATTGATATGC
ITS4_bc314	CTCTTATCGTCCTCCGCTTATTGATATGC
ITS4_bc336	GAAGTCGTATCCTCCGCTTATTGATATGC
ITS4_bc365	GATTGGTGCTCCTCCGCTTATTGATATGC
ITS4_bc370	GCAGAGGTTTCCTCCGCTTATTGATATGC
ITS4_bc387	GCTAATCGCTCCTCCGCTTATTGATATGC
ITS4_bc388	GCTATGTCCTCCTCCGCTTATTGATATGC
ITS4_bc396	GGAACTAACTCCTCCGCTTATTGATATGC
ITS4_bc397	GGAAGAAGTTCCTCCGCTTATTGATATGC
ITS4_bc411	GGTCTATGGTCCTCCGCTTATTGATATGC
ITS4_bc413	GGTGACTTATCCTCCGCTTATTGATATGC
ITS4_bc414	GGTGTCAGTTCCTCCGCTTATTGATATGC
ITS4_bc418	GTAAGCCTGTCCTCCGCTTATTGATATGC
ITS4_bc436	GTGAACAGATCCTCCGCTTATTGATATGC
ITS4_bc471	TAGGTTAGGTCCTCCGCTTATTGATATGC
ITS4_bc488	TCCGTATCCTCCTCCGCTTATTGATATGC
ITS4_bc497	TCGCTCCTATCCTCCGCTTATTGATATGC
ITS4_bc500	TCGTTAGTCTCCTCCGCTTATTGATATGC
ITS4_bc508	TGAAGTGCCTCCTCCGCTTATTGATATGC
ITS4_bc516	TGATGGTTCTCCTCCGCTTATTGATATGC
ITS4_bc538	TTAAGGTGGTCCTCCGCTTATTGATATGC
